benchmark	arch	opt	correct	cycles	bundles_dyn	text_bytes	insns_static	bundles_static
basicmath_small	lvx-1	2	fp-6ulp	91888654	44359850	69768	14938	8818
qsort_small	lvx-1	2	ok	19812261	12102753	100112	21788	12918
susan_smoothing	lvx-1	2	ok	17703343	12084050	96912	21282	12693
susan_edges	lvx-1	2	ok	2894302	1254518	96912	21282	12693
susan_corners	lvx-1	2	ok	862184	461627	96912	21282	12693
dijkstra_small	lvx-1	2	ok	73201231	39772641	99432	21538	12797
crc32	lvx-1	2	noref	189161634	120611765	61832	13448	7963
fft	lvx-1	2	noref	4968238	2696958	64776	14049	8253
adpcm_rawcaudio	lvx-1	2	ok	42554681	16482384	58208	12606	7392
adpcm_rawdaudio	lvx-1	2	ok	31603769	10323181	58208	12606	7392
sha	lvx-1	2	ok	14257205	5368903	60792	13361	7896
rijndael_enc	lvx-1	2	noref	40909412	13066675	77720	16195	9174
search_small	lvx-1	2	ok	269655	150771	59576	12949	7679
